<Objs Version="1.1.0.1" xmlns="http://schemas.microsoft.com/powershell/2004/04">
  <Obj RefId="0">
    <TN RefId="0">
      <T>Microsoft.PowerShell.Commands.PSRepositoryItemInfo</T>
      <T>System.Management.Automation.PSCustomObject</T>
      <T>System.Object</T>
    </TN>
    <MS>
      <S N="Name">xAdcsDeployment</S>
      <Version N="Version">1.4.0.0</Version>
      <S N="Type">Module</S>
      <S N="Description">This DSC Resource module can be used to install or uninstall Certificate Services components in Windows Server.</S>
      <S N="Author">Microsoft Corporation</S>
      <S N="CompanyName">PowerShellTeam</S>
      <S N="Copyright">(c) 2017 Microsoft Corporation. All rights reserved.</S>
      <DT N="PublishedDate">2017-12-20T22:10:43+01:00</DT>
      <Obj N="InstalledDate" RefId="1">
        <DT>2020-06-30T10:57:11.4496087+02:00</DT>
        <MS>
          <Obj N="DisplayHint" RefId="2">
            <TN RefId="1">
              <T>Microsoft.PowerShell.Commands.DisplayHintType</T>
              <T>System.Enum</T>
              <T>System.ValueType</T>
              <T>System.Object</T>
            </TN>
            <ToString>DateTime</ToString>
            <I32>2</I32>
          </Obj>
        </MS>
      </Obj>
      <Nil N="UpdatedDate" />
      <URI N="LicenseUri">https://github.com/PowerShell/xAdcsDeployment/blob/master/LICENSE</URI>
      <URI N="ProjectUri">https://github.com/PowerShell/xAdcsDeployment</URI>
      <Nil N="IconUri" />
      <Obj N="Tags" RefId="3">
        <TN RefId="2">
          <T>System.Object[]</T>
          <T>System.Array</T>
          <T>System.Object</T>
        </TN>
        <LST>
          <S>DesiredStateConfiguration</S>
          <S>DSC</S>
          <S>DSCResourceKit</S>
          <S>DSCResource</S>
          <S>PSModule</S>
        </LST>
      </Obj>
      <Obj N="Includes" RefId="4">
        <TN RefId="3">
          <T>System.Collections.Hashtable</T>
          <T>System.Object</T>
        </TN>
        <DCT>
          <En>
            <S N="Key">Command</S>
            <Obj N="Value" RefId="5">
              <TNRef RefId="2" />
              <LST />
            </Obj>
          </En>
          <En>
            <S N="Key">DscResource</S>
            <Obj N="Value" RefId="6">
              <TNRef RefId="2" />
              <LST>
                <S>xAdcsCertificationAuthority</S>
                <S>xAdcsOnlineResponder</S>
                <S>xAdcsWebEnrollment</S>
              </LST>
            </Obj>
          </En>
          <En>
            <S N="Key">Function</S>
            <Ref N="Value" RefId="5" />
          </En>
          <En>
            <S N="Key">Workflow</S>
            <Ref N="Value" RefId="5" />
          </En>
          <En>
            <S N="Key">RoleCapability</S>
            <Ref N="Value" RefId="5" />
          </En>
          <En>
            <S N="Key">Cmdlet</S>
            <Ref N="Value" RefId="5" />
          </En>
        </DCT>
      </Obj>
      <Nil N="PowerShellGetFormatVersion" />
      <S N="ReleaseNotes">- xAdcsCertificateAuthority: CertFilePassword invalid type - fixes_x000D__x000A_  [issue 36](https://github.com/PowerShell/xAdcsDeployment/issues/36)</S>
      <Obj N="Dependencies" RefId="7">
        <TNRef RefId="2" />
        <LST />
      </Obj>
      <S N="RepositorySourceLocation">https://www.powershellgallery.com/api/v2</S>
      <S N="Repository">PSGallery</S>
      <S N="PackageManagementProvider">NuGet</S>
      <Obj N="AdditionalMetadata" RefId="8">
        <TN RefId="4">
          <T>System.Management.Automation.PSCustomObject</T>
          <T>System.Object</T>
        </TN>
        <MS>
          <S N="copyright">(c) 2017 Microsoft Corporation. All rights reserved.</S>
          <S N="description">This DSC Resource module can be used to install or uninstall Certificate Services components in Windows Server.</S>
          <S N="requireLicenseAcceptance">True</S>
          <S N="releaseNotes">- xAdcsCertificateAuthority: CertFilePassword invalid type - fixes_x000D__x000A_  [issue 36](https://github.com/PowerShell/xAdcsDeployment/issues/36)</S>
          <S N="isLatestVersion">True</S>
          <S N="isAbsoluteLatestVersion">True</S>
          <S N="versionDownloadCount">98765</S>
          <S N="downloadCount">125559</S>
          <S N="packageSize">33965</S>
          <S N="published">20.12.2017 22:10:43 +01:00</S>
          <S N="created">20.12.2017 22:10:43 +01:00</S>
          <S N="lastUpdated">30.06.2020 06:29:53 +02:00</S>
          <S N="tags">DesiredStateConfiguration DSC DSCResourceKit DSCResource PSModule PSDscResource_x005F_xAdcsCertificationAuthority PSDscResource_x005F_xAdcsOnlineResponder PSDscResource_x005F_xAdcsWebEnrollment PSIncludes_DscResource</S>
          <S N="developmentDependency">False</S>
          <S N="updated">2020-06-30T06:29:53Z</S>
          <S N="NormalizedVersion">1.4.0</S>
          <S N="Authors">Microsoft Corporation</S>
          <S N="IsPrerelease">false</S>
          <S N="ItemType">Module</S>
          <S N="FileList">xAdcsDeployment.nuspec|LICENSE|README.md|xAdcsDeployment.psd1|DSCResources\MSFT_x005F_xAdcsCertificationAuthority\MSFT_x005F_xAdcsCertificationAuthority.psm1|DSCResources\MSFT_x005F_xAdcsCertificationAuthority\MSFT_x005F_xAdcsCertificationAuthority.schema.mof|DSCResources\MSFT_x005F_xAdcsCertificationAuthority\en-us\MSFT_x005F_xAdcsCertificationAuthority.strings.psd1|DSCResources\MSFT_x005F_xAdcsOnlineResponder\MSFT_x005F_xAdcsOnlineResponder.psm1|DSCResources\MSFT_x005F_xAdcsOnlineResponder\MSFT_x005F_xAdcsOnlineResponder.schema.mof|DSCResources\MSFT_x005F_xAdcsOnlineResponder\en-us\MSFT_x005F_xAdcsOnlineResponder.strings.psd1|DSCResources\MSFT_x005F_xAdcsWebEnrollment\MSFT_x005F_xAdcsWebEnrollment.psm1|DSCResources\MSFT_x005F_xAdcsWebEnrollment\MSFT_x005F_xAdcsWebEnrollment.schema.mof|DSCResources\MSFT_x005F_xAdcsWebEnrollment\en-us\MSFT_x005F_xAdcsWebEnrollment.strings.psd1|Examples\Resources\xAdcsCertificationAuthority\1-InstallCertificationAthority.ps1|Examples\Resources\xAdcsCertificationAuthority\2-RetireCertificationAthority.ps1|Examples\Resources\xAdcsOnlineResponder\1-InstallOnlineResponder.ps1|Examples\Resources\xAdcsWebEnrollment\1-InstallWebEnrollment.ps1|Modules\AdcsDeploymentDsc.ResourceHelper\AdcsDeploymentDsc.ResourceHelper.psm1|Tests\Integration\MSFT_x005F_xAdcsCertificationAuthority.Tests.ps1|Tests\Integration\MSFT_x005F_xAdcsCertificationAuthority_Install.config.ps1|Tests\Integration\MSFT_x005F_xAdcsCertificationAuthority_Uninstall.config.ps1|Tests\TestHelpers\CommonTestHelper.psm1|Tests\Unit\MSFT_x005F_xAdcsCertificationAuthority.Tests.ps1|Tests\Unit\MSFT_x005F_xAdcsOnlineResponder.Tests.ps1|Tests\Unit\MSFT_x005F_xAdcsWebEnrollment.Tests.ps1</S>
          <S N="GUID">f8ddd7fc-c6d6-469e-8a80-c96efabe2fcc</S>
          <S N="PowerShellVersion">4.0</S>
          <S N="CompanyName">Microsoft Corporation</S>
        </MS>
      </Obj>
      <S N="InstalledLocation">C:\Users\jrlobenz\Documents\PowerShell\Modules\xAdcsDeployment\1.4.0.0</S>
    </MS>
  </Obj>
</Objs>
