<Objs Version="1.1.0.1" xmlns="http://schemas.microsoft.com/powershell/2004/04">
  <Obj RefId="0">
    <TN RefId="0">
      <T>Microsoft.PowerShell.Commands.PSRepositoryItemInfo</T>
      <T>System.Management.Automation.PSCustomObject</T>
      <T>System.Object</T>
    </TN>
    <MS>
      <S N="Name">CertificateDsc</S>
      <Version N="Version">4.7.0.0</Version>
      <S N="Type">Module</S>
      <S N="Description">This module includes DSC resources that simplify administration of certificates on a Windows Server</S>
      <S N="Author">Microsoft Corporation</S>
      <Obj N="CompanyName" RefId="1">
        <TN RefId="1">
          <T>System.Object[]</T>
          <T>System.Array</T>
          <T>System.Object</T>
        </TN>
        <LST>
          <S>PowerShellTeam</S>
          <S>gaelcolas</S>
          <S>dsccommunity</S>
        </LST>
      </Obj>
      <S N="Copyright">(c) 2018 Microsoft Corporation. All rights reserved.</S>
      <DT N="PublishedDate">2019-06-26T21:34:57+02:00</DT>
      <Obj N="InstalledDate" RefId="2">
        <DT>2020-06-30T10:49:15.6750256+02:00</DT>
        <MS>
          <Obj N="DisplayHint" RefId="3">
            <TN RefId="2">
              <T>Microsoft.PowerShell.Commands.DisplayHintType</T>
              <T>System.Enum</T>
              <T>System.ValueType</T>
              <T>System.Object</T>
            </TN>
            <ToString>DateTime</ToString>
            <I32>2</I32>
          </Obj>
        </MS>
      </Obj>
      <Nil N="UpdatedDate" />
      <URI N="LicenseUri">https://github.com/PowerShell/CertificateDsc/blob/master/LICENSE</URI>
      <URI N="ProjectUri">https://github.com/PowerShell/CertificateDsc</URI>
      <Nil N="IconUri" />
      <Obj N="Tags" RefId="4">
        <TNRef RefId="1" />
        <LST>
          <S>DesiredStateConfiguration</S>
          <S>DSC</S>
          <S>DSCResourceKit</S>
          <S>DSCResource</S>
          <S>PSModule</S>
        </LST>
      </Obj>
      <Obj N="Includes" RefId="5">
        <TN RefId="3">
          <T>System.Collections.Hashtable</T>
          <T>System.Object</T>
        </TN>
        <DCT>
          <En>
            <S N="Key">DscResource</S>
            <Obj N="Value" RefId="6">
              <TNRef RefId="1" />
              <LST>
                <S>CertificateExport</S>
                <S>CertificateImport</S>
                <S>CertReq</S>
                <S>PfxImport</S>
                <S>WaitForCertificateServices</S>
              </LST>
            </Obj>
          </En>
          <En>
            <S N="Key">Command</S>
            <Obj N="Value" RefId="7">
              <TNRef RefId="1" />
              <LST />
            </Obj>
          </En>
          <En>
            <S N="Key">Function</S>
            <Ref N="Value" RefId="7" />
          </En>
          <En>
            <S N="Key">Workflow</S>
            <Ref N="Value" RefId="7" />
          </En>
          <En>
            <S N="Key">RoleCapability</S>
            <Ref N="Value" RefId="7" />
          </En>
          <En>
            <S N="Key">Cmdlet</S>
            <Ref N="Value" RefId="7" />
          </En>
        </DCT>
      </Obj>
      <Nil N="PowerShellGetFormatVersion" />
      <S N="ReleaseNotes">- Opted into Common Tests "Common Tests - Validate Localization" -_x000D__x000A_  fixes [Issue 195](https://github.com/PowerShell/CertificateDsc/issues/195)._x000D__x000A_- Combined all `CertificateDsc.ResourceHelper` module functions into_x000D__x000A_  `CertificateDsc.Common` module and renamed to `CertificateDsc.CommonHelper`_x000D__x000A_  module._x000D__x000A_- CertReq:_x000D__x000A_  - Fix error when ProviderName parameter is not encapsulated in_x000D__x000A_    double quotes - fixes [Issue 185](https://github.com/PowerShell/CertificateDsc/issues/185)._x000D__x000A_- Refactor integration tests to update to latest standards._x000D__x000A_- Refactor unit tests to update to latest standards._x000D__x000A_- CertificateImport:_x000D__x000A_  - Refactor to use common functions and share more code with `PfxImport`_x000D__x000A_    resource._x000D__x000A_  - Resource will now only throw an exception if the PFX file does not exist_x000D__x000A_    and it needs to be imported._x000D__x000A_  - Removed file existence check from `Path` parameter to enable the resource_x000D__x000A_    to remove a certificate from the store without the need to have the_x000D__x000A_    access to the certificate file._x000D__x000A_  - Removed ShouldProcess because it is not required by DSC Resources._x000D__x000A_- CertificatePfx:_x000D__x000A_  - Refactor to use common functions and share more code with_x000D__x000A_    `CertificateImport` resource._x000D__x000A_  - Resource will now only throw an exception if the certificate file does_x000D__x000A_    not exist and it needs to be imported._x000D__x000A_- CertificateImport:_x000D__x000A_  - Added `FriendlyName` parameter to allow setting the certificate friendly_x000D__x000A_    name of the imported certificate - fixes [Issue 194](https://github.com/PowerShell/CertificateDsc/issues/194)._x000D__x000A_- CertificatePfx:_x000D__x000A_  - Added `FriendlyName` parameter to allow setting the certificate friendly_x000D__x000A_    name of the imported certificate - fixes [Issue 194](https://github.com/PowerShell/CertificateDsc/issues/194).</S>
      <Obj N="Dependencies" RefId="8">
        <TNRef RefId="1" />
        <LST />
      </Obj>
      <S N="RepositorySourceLocation">https://www.powershellgallery.com/api/v2</S>
      <S N="Repository">PSGallery</S>
      <S N="PackageManagementProvider">NuGet</S>
      <Obj N="AdditionalMetadata" RefId="9">
        <TN RefId="4">
          <T>System.Management.Automation.PSCustomObject</T>
          <T>System.Object</T>
        </TN>
        <MS>
          <S N="copyright">(c) 2018 Microsoft Corporation. All rights reserved.</S>
          <S N="description">This module includes DSC resources that simplify administration of certificates on a Windows Server</S>
          <S N="requireLicenseAcceptance">False</S>
          <S N="releaseNotes">- Opted into Common Tests "Common Tests - Validate Localization" -_x000D__x000A_  fixes [Issue 195](https://github.com/PowerShell/CertificateDsc/issues/195)._x000D__x000A_- Combined all `CertificateDsc.ResourceHelper` module functions into_x000D__x000A_  `CertificateDsc.Common` module and renamed to `CertificateDsc.CommonHelper`_x000D__x000A_  module._x000D__x000A_- CertReq:_x000D__x000A_  - Fix error when ProviderName parameter is not encapsulated in_x000D__x000A_    double quotes - fixes [Issue 185](https://github.com/PowerShell/CertificateDsc/issues/185)._x000D__x000A_- Refactor integration tests to update to latest standards._x000D__x000A_- Refactor unit tests to update to latest standards._x000D__x000A_- CertificateImport:_x000D__x000A_  - Refactor to use common functions and share more code with `PfxImport`_x000D__x000A_    resource._x000D__x000A_  - Resource will now only throw an exception if the PFX file does not exist_x000D__x000A_    and it needs to be imported._x000D__x000A_  - Removed file existence check from `Path` parameter to enable the resource_x000D__x000A_    to remove a certificate from the store without the need to have the_x000D__x000A_    access to the certificate file._x000D__x000A_  - Removed ShouldProcess because it is not required by DSC Resources._x000D__x000A_- CertificatePfx:_x000D__x000A_  - Refactor to use common functions and share more code with_x000D__x000A_    `CertificateImport` resource._x000D__x000A_  - Resource will now only throw an exception if the certificate file does_x000D__x000A_    not exist and it needs to be imported._x000D__x000A_- CertificateImport:_x000D__x000A_  - Added `FriendlyName` parameter to allow setting the certificate friendly_x000D__x000A_    name of the imported certificate - fixes [Issue 194](https://github.com/PowerShell/CertificateDsc/issues/194)._x000D__x000A_- CertificatePfx:_x000D__x000A_  - Added `FriendlyName` parameter to allow setting the certificate friendly_x000D__x000A_    name of the imported certificate - fixes [Issue 194](https://github.com/PowerShell/CertificateDsc/issues/194).</S>
          <S N="isLatestVersion">True</S>
          <S N="isAbsoluteLatestVersion">False</S>
          <S N="versionDownloadCount">9466721</S>
          <S N="downloadCount">9676290</S>
          <S N="packageSize">105360</S>
          <S N="published">26.06.2019 21:34:57 +02:00</S>
          <S N="created">26.06.2019 21:34:57 +02:00</S>
          <S N="lastUpdated">30.06.2020 08:44:55 +02:00</S>
          <S N="tags">DesiredStateConfiguration DSC DSCResourceKit DSCResource PSModule</S>
          <S N="developmentDependency">False</S>
          <S N="updated">2020-06-30T08:44:55Z</S>
          <S N="NormalizedVersion">4.7.0</S>
          <S N="Authors">Microsoft Corporation</S>
          <S N="IsPrerelease">false</S>
          <S N="ItemType">Module</S>
          <S N="FileList">CertificateDsc.nuspec|CertificateDsc.psd1|CHANGELOG.md|CODE_OF_CONDUCT.md|LICENSE|README.md|DSCResources\MSFT_CertificateExport\MSFT_CertificateExport.psm1|DSCResources\MSFT_CertificateExport\MSFT_CertificateExport.schema.mof|DSCResources\MSFT_CertificateExport\README.md|DSCResources\MSFT_CertificateExport\en-US\MSFT_CertificateExport.strings.psd1|DSCResources\MSFT_CertificateImport\MSFT_CertificateImport.psm1|DSCResources\MSFT_CertificateImport\MSFT_CertificateImport.schema.mof|DSCResources\MSFT_CertificateImport\README.md|DSCResources\MSFT_CertificateImport\en-US\MSFT_CertificateImport.strings.psd1|DSCResources\MSFT_CertReq\MSFT_CertReq.psm1|DSCResources\MSFT_CertReq\MSFT_CertReq.schema.mof|DSCResources\MSFT_CertReq\README.md|DSCResources\MSFT_CertReq\en-US\MSFT_CertReq.strings.psd1|DSCResources\MSFT_PfxImport\MSFT_PfxImport.psm1|DSCResources\MSFT_PfxImport\MSFT_PfxImport.schema.mof|DSCResources\MSFT_PfxImport\README.md|DSCResources\MSFT_PfxImport\en-US\MSFT_PfxImport.strings.psd1|DSCResources\MSFT_WaitForCertificateServices\MSFT_WaitForCertificateServices.psm1|DSCResources\MSFT_WaitForCertificateServices\MSFT_WaitForCertificateServices.schema.mof|DSCResources\MSFT_WaitForCertificateServices\README.md|DSCResources\MSFT_WaitForCertificateServices\en-US\MSFT_WaitForCertificateServices.strings.psd1|Examples\Resources\CertificateExport\1-CertificateExport_CertByFriendlyName_Config.ps1|Examples\Resources\CertificateExport\2-CertificateExport_PfxByFriendlyName_Config.ps1|Examples\Resources\CertificateImport\1-CertificateImport_MinimalUsage_Config.ps1|Examples\Resources\CertificateImport\2-CertificateImport_FriendlyName_Config.ps1|Examples\Resources\CertReq\1-CertReq_RequestAltSSLCert_Config.ps1|Examples\Resources\CertReq\2-CertReq_RequestSSLCert_Config.ps1|Examples\Resources\PfxImport\1-PfxImport_InstallPFXForWebSite_Config.ps1|Examples\Resources\PfxImport\2-PfxImport_InstallPFX_Config.ps1|Examples\Resources\PfxImport\3-PfxImport_RemovePFX_Config.ps1|Examples\Resources\PfxImport\4-PfxImport_FriendlyName_Config.ps1|Examples\Resources\WaitForCertificateServices\1-WaitForCertificateServices_RequestSSLCertWithWait_Config.ps1|Modules\CertificateDsc.Common\CertificateDsc.Common.psm1|Modules\CertificateDsc.Common\en-US\CertificateDsc.Common.strings.psd1|Modules\CertificateDsc.PDT\CertificateDsc.PDT.psm1|Modules\CertificateDsc.PDT\en-US\CertificateDsc.PDT.strings.psd1|Tests\Integration\CertificateDsc.Common.Tests.ps1|Tests\Integration\ModuleConflict.Tests.ps1|Tests\Integration\MSFT_CertificateExport.config.ps1|Tests\Integration\MSFT_CertificateExport.Integration.Tests.ps1|Tests\Integration\MSFT_CertificateImport.config.ps1|Tests\Integration\MSFT_CertificateImport.Integration.Tests.ps1|Tests\Integration\MSFT_CertReq.config.ps1|Tests\Integration\MSFT_CertReq.Integration.Tests.ps1|Tests\Integration\MSFT_PfxImport.config.ps1|Tests\Integration\MSFT_PfxImport.Integration.Tests.ps1|Tests\Integration\MSFT_WaitForCertificateServices.config.ps1|Tests\Integration\MSFT_WaitForCertificateServices.Integration.Tests.ps1|Tests\TestHelpers\CommonTestHelper.psm1|Tests\Unit\CertificateDsc.Common.Tests.ps1|Tests\Unit\MSFT_CertificateExport.Tests.ps1|Tests\Unit\MSFT_CertificateImport.Tests.ps1|Tests\Unit\MSFT_CertReq.Tests.ps1|Tests\Unit\MSFT_PfxImport.Tests.ps1|Tests\Unit\MSFT_WaitForCertificateServices.Tests.ps1</S>
          <S N="DscResources">CertificateExport CertificateImport CertReq PfxImport WaitForCertificateServices</S>
          <S N="GUID">1b8d785e-79ae-4d95-ae58-b2460aec1031</S>
          <S N="PowerShellVersion">4.0</S>
          <S N="CLRVersion">4.0</S>
          <S N="CompanyName">Microsoft Corporation</S>
        </MS>
      </Obj>
      <S N="InstalledLocation">C:\Users\jrlobenz\Documents\PowerShell\Modules\CertificateDsc\4.7.0.0</S>
    </MS>
  </Obj>
</Objs>
